filename,title,authors,year,journal,doi,url,abstract,language
2022_Th_Tnh_hnh_nhim_vi_nm_trong_mt_s_dc_liu_dng.pdf,"Tình hình nhiễm vi nấm trong một số dược liệu dạng quả sấy khô đang lưu hành ở Quận 5, Tp. Hồ Chí Minh",Lê Quang Hạnh Thư; Từ Minh Thành,2022,Journal of Science and Technology,10.55401/jst.v4i3.276,http://jst.ntt.edu.vn/index.php/jst/article/download/276/280,"<jats:p>Nghiên cứu này nhằm đánh giá mức độ nhiễm nấm trong một số dược liệu dạng quảsấy khô. Tiến hành khảo sát 58 mẫu của 8 loại dược liệu dạng quả phổ biến gồm câu kỉtử, hắc kỉ tử, ngũ vị tử, đại táo, táo mèo, nhàu, long nhãn và sơn thù thu gom từ khuvực chợ thuốc đông y ở Quận 5, Tp. Hồ Chí Minh. Các chi nấm phổ biến trong cácmẫu khảo sát bao gồm Aspergillus, Penicillium, Mucor/Rhizopus và một số chi nấm sợimàu. Kết quả có 19 mẫu dược liệu vượt quá giới hạn về độ ẩm cho phép chiếu theo cácchuyên luận riêng về dược liệu của Dược điển Việt Nam V; 21 mẫu dược liệu có độnhiễm nấm vượt quá 500 CFU/g gồm hắc kỉ tử, ngũ vị tử, nhàu và đặc biệt là longnhãn. 6/8 mẫu long nhãn có độ nhiễm cao, đáng chú ý là mẫu long nhãn cơ sở C và Ecó độ nhiễm vượt quá 104 CFU/g - tương ứng là (34 x 104&#x0D;
và 12,3 x 103&#x0D;
) CFU/g. Mộtsố mẫu ở cơ sở A, B và I có độ ẩm cao nhưng độ nhiễm nấm dưới 10 CFU/g và có mộtsố dấu hiệu bất thường về cảm quan gợi ý tình trạng sử dụng thuốc nhuộm, chất bảoquản, pH sản phẩm thay đổi,... Hơn 60 % mẫu khảo sát có nhiễm nấm men, gặp nhiềuở ngũ vị tử, câu kỉ tử, nhàu, long nhãn,... nhưng không tiến hành định danh. Trong 35mẫu nhiễm nấm mốc có 25 mẫu nhiễm cả nấm men. Sự hiện diện của Trichoderma vàvi nấm sợi màu trong dược liệu gợi ý tình trạng phơi sấy hoặc để dược liệu trên nền đấtvì đây là các vi nấm phổ biến trong đất.</jats:p>",
2024_Th_Tnh_hnh_nhim_vi_nm_trong_mt_s_dc_liu_dng.pdf,"Tình hình nhiễm vi nấm trong một số dược liệu dạng quả sấy khô đang lưu hành ở Quận 5, Tp. Hồ Chí Minh",Lê Quang Hạnh Thư; Từ Minh Thành,2024,Journal of Science and Technology,10.55401/t491kz44,https://jst.ntt.edu.vn/index.php/jst/article/download/214/363,"<jats:p>Nghiên cứu này nhằm đánh giá mức độ nhiễm nấm trong một số dược liệu dạng quảsấy khô. Tiến hành khảo sát 58 mẫu của 8 loại dược liệu dạng quả phổ biến gồm câu kỉtử, hắc kỉ tử, ngũ vị tử, đại táo, táo mèo, nhàu, long nhãn và sơn thù thu gom từ khuvực chợ thuốc đông y ở Quận 5, Tp. Hồ Chí Minh. Các chi nấm phổ biến trong cácmẫu khảo sát bao gồm Aspergillus, Penicillium, Mucor/Rhizopus và một số chi nấm sợimàu. Kết quả có 19 mẫu dược liệu vượt quá giới hạn về độ ẩm cho phép chiếu theo cácchuyên luận riêng về dược liệu của Dược điển Việt Nam V; 21 mẫu dược liệu có độnhiễm nấm vượt quá 500 CFU/g gồm hắc kỉ tử, ngũ vị tử, nhàu và đặc biệt là longnhãn. 6/8 mẫu long nhãn có độ nhiễm cao, đáng chú ý là mẫu long nhãn cơ sở C và Ecó độ nhiễm vượt quá 104 CFU/g - tương ứng là (34 x 104
và 12,3 x 103
) CFU/g. Mộtsố mẫu ở cơ sở A, B và I có độ ẩm cao nhưng độ nhiễm nấm dưới 10 CFU/g và có mộtsố dấu hiệu bất thường về cảm quan gợi ý tình trạng sử dụng thuốc nhuộm, chất bảoquản, pH sản phẩm thay đổi,... Hơn 60 % mẫu khảo sát có nhiễm nấm men, gặp nhiềuở ngũ vị tử, câu kỉ tử, nhàu, long nhãn,... nhưng không tiến hành định danh. Trong 35mẫu nhiễm nấm mốc có 25 mẫu nhiễm cả nấm men. Sự hiện diện của Trichoderma vàvi nấm sợi màu trong dược liệu gợi ý tình trạng phơi sấy hoặc để dược liệu trên nền đấtvì đây là các vi nấm phổ biến trong đất.</jats:p>",
2024_ng_ng_dng_cht_chun_imperatorin_phn_lp_t_dc_l.pdf,Ứng dụng chất chuẩn imperatorin phân lập từ dược liệu Bạch chỉ thuộc Công ty Dược Hà Giang để khảo sát hàm lượng imperatorin trong sản phẩm Đông dược có chứa dược liệu Bạch chỉ trên thị trường,Lê Hải Đường,2024,Journal of Science and Technology,10.55401/h05k6p48,https://jst.ntt.edu.vn/index.php/jst/article/download/318/411,"<jats:p>Nghiên cứu này đã sử dụng chất chuẩn imperatorin được phân lập chiết xuất từ dược liệu Bạch chỉ được cung cấp bởi Công ty Dược Hà Giang [1,2] để thực nghiệm khảo sát. Kết quả thực nghiệm là đã xây dựng được qui trình thẩm định định tính, định lượng imperatorin bằng phương pháp kết hợp sắc kí lớp mỏng và sắc kí lỏng hiệu năng cao (HPLC) với đầu dò PDA thích hợp để phân tích cho sản phẩm Đông dược có chứa Bạch chỉ trên thị trường. Kết quả thực nghiệm thu được cho thấy 3 sản phẩm khảo sát trong 3 mẫu thuốc Đông dược Cảm xuyên hương (CXH), Thống xoang tán (TXT) và Fitorhi-F (F-F), kí hiệu là SP1; SP2 và SP3đều chứa imperatorin với tỉ lệ hàm lượng lần lượtlà 0,087%, 0,047% và 0,013%.  Từ đó cho thấy hàm lượng imperatorin trong thuốc Đông dược SP1 có chất lượng ổn định và đạt tiêu chuẩn hàm lượng theo dược điển Trung Quốc (hàm lượng imperatorin không thấp hơn 0,08%) [3].</jats:p>",
2020_ng_ng_dng_cht_chun_imperatorin_phn_lp_t_dc_l.pdf,Ứng dụng chất chuẩn imperatorin phân lập từ dược liệu Bạch chỉ thuộc Công ty Dược Hà Giang để khảo sát hàm lượng imperatorin trong sản phẩm Đông dược có chứa dược liệu Bạch chỉ trên thị trường,Lê Hải Đường,2020,Journal of Science and Technology,10.55401/jst.v3i3.120,http://jst.ntt.edu.vn/index.php/jst/article/download/120/120,"<jats:p>Nghiên cứu này đã sử dụng chất chuẩn imperatorin được phân lập chiết xuất từ dược liệu Bạch chỉ được cung cấp bởi Công ty Dược Hà Giang [1,2] để thực nghiệm khảo sát. Kết quả thực nghiệm là đã xây dựng được qui trình thẩm định định tính, định lượng imperatorin bằng phương pháp kết hợp sắc kí lớp mỏng và sắc kí lỏng hiệu năng cao (HPLC) với đầu dò PDA thích hợp để phân tích cho sản phẩm Đông dược có chứa Bạch chỉ trên thị trường. Kết quả thực nghiệm thu được cho thấy 3 sản phẩm khảo sát trong 3 mẫu thuốc Đông dược Cảm xuyên hương (CXH), Thống xoang tán (TXT) và Fitorhi-F (F-F), kí hiệu là SP1; SP2 và SP3đều chứa imperatorin với tỉ lệ hàm lượng lần lượtlà 0,087%, 0,047% và 0,013%.  Từ đó cho thấy hàm lượng imperatorin trong thuốc Đông dược SP1 có chất lượng ổn định và đạt tiêu chuẩn hàm lượng theo dược điển Trung Quốc (hàm lượng imperatorin không thấp hơn 0,08%) [3].</jats:p>",
2022_Ba_SU_TP_V_BO_TN_CC_LOI_NM_N_V_NM_DC_LI.pdf,"SƯU TẬP VÀ BẢO TỒN CÁC LOÀI NẤM ĂN VÀ NẤM DƯỢC LIỆU Ở VÙNG THẤT SƠN, AN GIANG",Hồ Thị Thu Ba; Nguyễn Khắc Chung Thẩm,2022,TUYỂN TẬP HỘI NGHỊ NẤM HỌC TOÀN QUỐC LẦN THỨ 4,10.15625/vap.2022.0140,http://vap.ac.vn/Portals/0/TuyenTap/2022/12/15/de89925a5e4d4f8d906876cad46ab8f5/10. Ho Thi Thu Ba.pdf,,
2022_Hi_THC_TRNG_NHIM_NM_MC_ALFLATOXIN_V_TRANG_THIT.pdf,"THỰC TRẠNG NHIỄM NẤM MỐC, ALFLATOXIN VÀ TRANG THIẾT BỊ BẢO QUẢN DƯỢC LIỆU TẠI MỘT SỐ BỆNH VIỆN THUỘC TỈNH NGHỆ AN, HIỆU QUẢ CAN THIỆP, NĂM 2019",Tăng Xuân Hải; Quế Anh Trâm,2022,Tạp chí Y học Cộng đồng,10.52163/yhc.v63i1.279,https://doi.org/10.52163/yhc.v63i1.279,"<jats:p>Mục tiêu: Áp dụng kỹ thuật nuôi cấy nấm trong môi trường Saboraud xác định tỷ lệ nhiễm nấm trong các vị thuốc đông dược. Áp dụng kỹ thuật sắc ký khí lỏng hiệu năng cao định lượng alflatoxin trong dược liệu. Đầu tư các thiết bị làm thay đổi các điều kiện vi khí hậu làm giảm tỷ lệ nhiễm nấm mốc trong các vị thuốc đông dược. &#x0D;
Vật liệu và phương pháp nghiên cứu: Đề tài thiết kế bằng phương pháp nghiên cứu mô tả và nghiên cứu labo với 505 mẫu dược liệu trong danh mục thuốc thiết yếu theo quy định của Thông tư 05/2015/TT-BYT, 262 mẫu dược liệu tương ứng với 262 mẫu cấy nấm (+) được xét nghiệm định lượng alflatoxin, 10 bệnh viện có hoạt động chuyên môn về y học cổ truyền tại tỉnh Nghệ An năm 2019 được bổ sung các thiết bị điều hòa nhiệt độ, máy hút ẩm, túi hút ẩm, quạt thông gió.&#x0D;
Kết quả: Đã xác định tỷ lệ nhiễm nấm mốc ở dược liệu là 51,8%, tỷ lệ nhiễm alflatoxin chung ở dược liệu là 4,75%, tỷ lệ nhiễm alflatoxin ở các mẫu dược liệu cấy nấm (+) là 9,10%, trong đó, tỷ lệ các mẫu có hàm lượng alflatoxin vượt tiêu chuẩn Việt Nam  QCVN 8-1:2011/BYT trong các mẫu có nhiễm alflatoxin là 66,7%(16/24). 100% các kho dược liệu không đạt các điều kiện vi khí hậu bảo quản dược liệu (nhiệt độ trung bình &gt; 30°C, độ ẩm trung bình &gt; 70%, tốc độ gió trung bình &lt; 0,5m/s). 100% các kho dược liệu không được trang bị các thiết bị hút ẩm, điều hòa nhiệt độ và độ ẩm. &#x0D;
Kết luận: Tỷ lệ nhiễm nấm mốc trong dược liệu tại một số bệnh viện tại Nghệ An tương đối cao 51,8%. Việc đầu tư trang thiết bị làm giảm đáng kể tỷ lệ nhiễm nấm mốc từ 51,8% xuống còn 18,99%.</jats:p>",
2022_Huyn_A_DNG_SINH_HC_NM_N_V_NM_DC_LIU_TI_VN_.pdf,ĐA DẠNG SINH HỌC NẤM ĂN VÀ NẤM DƯỢC LIỆU TẠI VƯỜN QUỐC GIA TAM ĐẢO,Lê Thanh Huyền; Nguyễn Thành Long; Ngô Minh Hương; Trịnh Tam Kiệt,2022,TUYỂN TẬP HỘI NGHỊ NẤM HỌC TOÀN QUỐC LẦN THỨ 4,10.15625/vap.2022.0151,http://vap.ac.vn/Portals/0/TuyenTap/2022/12/15/de89925a5e4d4f8d906876cad46ab8f5/21. Le Thanh Huyen.pdf,,
2024_NGUYN_nh_lng_astragalosid_IV_trong_dc_liu_Hong_k.pdf,Định lượng astragalosid IV trong dược liệu Hoàng kỳ bằng HPTLC,LÂM HỒNG NGUYỄN; Mai Hương Nguyen; Minh Thúy Ngô,2024,Tạp chí Nghiên cứu Dược và Thông tin Thuốc,10.59882/1859-364x/225,https://jprdi.vn/JP/article/download/225/119,"<jats:p>Astragalosid IV là thành phần quan trọng quyết định tác tụng dược lý và hiệu quả điều trị của Hoàng kỳ, đóng vai trò là chất chỉ điểm “marker” trong kiểm tra chất lượng dược liệu này. Trong nghiên cứu này, một phương pháp HPTLC nhanh chóng, chính xác, cho phép định lượng astragalosid IV trong dược liệu Hoàng kỳ bằng cách tạo dẫn xuất hấp thụ UV đã được xây dựng và thẩm định. Phân tách sắc ký được thực hiện trên bản mỏng TLC silica gel 60 F 254 với thể tích mẫu là 10 μl, độ rộng dải là 8 mm. Pha động sử dụng hỗn hợp ethyl acetat-methanol-nước (70:18:10, tt/tt/tt), quãng đường di chuyển của dung môi là 80 mm. Sau khi dẫn xuất hóa với thuốc thử acid sulfuric 10% (kl/tt) trong ethanol, sử dụng thiết bị đo mật độ quang tại bước sóng 418 nm để ghi sắc ký đồ. Phương pháp đã được thẩm định theo hướng dẫn của AOAC và được ứng dụng thành công để định lượng astragalosid IV trong ba mẫu dược liệu Hoàng kỳ mua từ các công ty và trên thị trường cho kết quả hàm lượng astragalosid IV trong dược liệu từ 0,0717-0,1422% (kl/kl). Phương pháp có độ đúng (90,6-101,8%) và độ lặp lại (RSD ≤3,7%) tốt, có thể được áp dụng thường quy để kiểm tra chất lượng dược liệu Hoàng kỳ.




Từ khoá: Astragalosid IV, dược liệu Hoàng kỳ, định lượng, HPTLC



</jats:p>",
2025_Khi_44_CHNG_TRNH_O_TO_CHUYN_NGNH_DC_LIU_D.pdf,44. CHƯƠNG TRÌNH ĐÀO TẠO CHUYÊN NGÀNH DƯỢC LIỆU - DƯỢC CỔ TRUYỀN ĐÁP ỨNG YÊU CẦU NHIỆM VỤ TRONG THỜI ĐẠI MỚI,Đỗ Văn Khái,2025,Tạp chí Y học Cộng đồng,10.52163/yhc.v66icd18.3487,https://tapchiyhcd.vn/index.php/yhcd/article/download/3487/3062,"<jats:p>Mục tiêu: Khảo sát được thực trạng chương trình đào tạo Dược liệu - Dược cổ truyền hiện nay; đề xuất giải pháp xây dựng chương trình đào tạo chuyên ngành Dược liệu - Dược cổ truyền trong thời gian tới.
Phương pháp: Tìm kiếm và tổng hợp các tài liệu khoa học từ nhiều cơ sở dữ liệu học thuật uy tín như PubMed, Scopus, Google Scholar, cũng như các báo cáo chính sách, nghị quyết của Bộ Chính trị, Bộ Y tế, Bộ Giáo dục và Đào tạo.
Kết quả: Tổng hợp được các chính sách của Nhà nước và tình hình xu hướng phát triển theo hướng tự chủ bền vững của doanh nghiệp. Đề xuất giải pháp chung và một số giải pháp cụ thể về xây dựng chương trình đào tạo chuyên ngành Dược liệu - Dược cổ truyền.
Kết luận: Nghiên cứu đã khảo sát được thực trạng chương trình đào tạo Dược liệu - Dược cổ truyền hiện nay. Đề xuất được giải pháp xây dựng chương trình đào tạo chuyên ngành Dược liệu - Dược cổ truyền trong thời gian tới.</jats:p>",
2022_Hi_NGHIN_CU_KIN_THC_THC_HNH_PHNG_CHNG_NHIM_N.pdf,"NGHIÊN CỨU KIẾN THỨC, THỰC HÀNH PHÒNG CHỐNG NHIỄM NẤM MỐC CHO DƯỢC LIỆU CỦA CÁN BỘ Y TẾ TẠI MỘT SỐ BỆNH VIỆN THUỘC TỈNH NGHỆ AN, HIỆU QUẢ MỘT SỐ BIỆN PHÁP CAN THIỆP, 2019",Tăng Xuân Hải; Quế Anh Trâm,2022,Tạp chí Y học Cộng đồng,10.52163/yhc.v63i2.297,https://doi.org/10.52163/yhc.v63i2.297,"<jats:p>Mục tiêu:&#x0D;
Đánh giá hiệu quả can thiệp giáo dục kiến thức, thái độ, thực hành cho cán bộ y tế trong phòng chống nhiễm nấm mốc cho dược liệu tại một số bệnh viện thuộc tỉnh Nghệ An, năm 2016. &#x0D;
Vật liệu và phương pháp nghiên cứu: &#x0D;
Đề tài thiết kế bằng phương pháp nghiên cứu mô tả và nghiên cứu can thiệp. Cỡ mẫu là 60 cán bộ y tế tại ở 10 bệnh viện trực tiếp làm công tác về y học cổ truyền.&#x0D;
Kết quả:&#x0D;
Có từ 80,0% đến 100,0% hiểu đúng nguyên nhân dược liệu bị mốc là do: Nhiệt độ cao, độ ẩm cao, độ thông gió kém, thiếu ánh sáng, không được định kỳ kiểm tra, phơi, sao, sấy và thiếu dụng cụ, phương tiện bảo quản. Có 95% hiểu đúng người sử dụng thuốc đông dược mốc sẽ bị bệnh, 85% hiểu được bệnh do nấm mốc là qua con đường ăn, uống, chỉ có 25% kể tên được một số nấm mốc trong dược liệu, 0% hiểu đúng phải kiểm tra dược liệu hằng ngày.&#x0D;
Hiệu quả can thiệp bằng truyền thông làm thay đổi kiến thức của cán bộ y tế rất cao, cụ thể: Kể được tên tối thiểu 1 loài nấm mốc tăng từ 25,0% lên 100%, hiệu quả là 300,0%; Hiểu đúng nhiệt độ tối đa cho phép trong kho thuốc là  &lt; 30°C, tăng từ 66,67% lên 100,0%, hiệu quả 50,0%; Hiểu đúng độ ẩm tương đối cho phép trong kho &lt; 70% từ 50,0% tăng lên 100,0%, hiệu quả đạt 100,0%; Hiểu đúng tốc độ gió &lt; 0,5m/s từ 10,0% tăng lên 100,0%, hiệu quả đạt 900,0%. Hiệu quả can thiệp làm giảm tỷ lệ nhiễm nấm mốc ở các vị thuốc là tương đối cao từ 50,00% đến 72,73%.  &#x0D;
Kết luận: Kiến thức, thực hành phòng chống nấm mốc cho dược liệu của cán bộ y tế hoạt động trong lĩnh vực y học cổ truyền còn nhiều hạn chế.</jats:p>",
2025_Phan_Xc_nh_14_dc_cht_ngy_to_trong_ch_phm_dng.pdf,Xác định 14 dược chất ngụy tạo trong chế phẩm dạng lỏng từ dược liệu bằng HPLC-UV/VIS,Văn Hồ Nam Phan; Thanh Ngân Vương; Tố Uyên Đàm; Linh Nguyễn Thị Thùy; Văn Sơn Phạm,2025,Tạp Chí Khoa học Trường Đại học Quốc tế Hồng Bàng,10.59294/hiujs.34.2025.741,https://doi.org/10.59294/hiujs.34.2025.741,<jats:p>abc</jats:p>,
2024_Hng_32_NGHIN_CU_MC__NHIM_CC_LOI_CA_CHI_ASPERG.pdf,32. NGHIÊN CỨU MỨC ĐỘ NHIỄM CÁC LOÀI CỦA CHI ASPERGILLUS FR.: FR. TRÊN DƯỢC LIỆU SƠN TRA (FRUCTUS MALI) TỪ MỘT SỐ HIỆU ĐÔNG DƯỢC Ở HÀ NỘI,Nguyễn Liên Hương; Trần Trịnh Công,2024,Tạp chí Y học Cộng đồng,10.52163/yhc.v65icd5.1276,https://tapchiyhcd.vn/index.php/yhcd/article/download/1276/721,"<jats:p>Mục tiêu: Xác định các loài nấm thuộc chi Aspergillus Fr.: Fr. nhiễm trên dược liệu Sơn tra (Fructus Mali) đang lưu hành ở một số hiệu Đông dược thuộc địa bàn Hà Nội.Đối tượng và phương pháp nghiên cứu: 10 mẫu dược liệu sơn tra được thu thập từ các hiệu đông dược, phố Lãn Ông, Hà Nội. Sử dụng môi trường PDA và phương pháp đặt trực tiếp để phân lập nấm. Môi trường Czapek-Dox và các khóa phân loại của Samson và cộng sự (1995), Pitt &amp; Hocking (2009) được sử dụng để phân loại các chủng nấm.Kết quả: 10 mẫu dược liệu nghiên cứu đã bị nhiễm 6 loài của chi Aspergillus gồm: A. niger, A. flavus, A. parasiticus, A. fumigatus, A. aculeatus và A. tamarii với tỷ lệ chủng phân lập được lần lượt là 61,8; 11,2; 8,5; 6,6; 6,6 và 5,3%.Kết luận: Kết quả này cho thấy, nguồn cơ chất Sơn tra nhạy cảm với các loài nấm sinh độc tố của chi Aspergillus, cần được lưu ý trong quá trình thu hoạch, bảo quản và sử dụng để đảm bảo an toàn cho người dùng.</jats:p>",
2025_anon_.pdf,,,2025,Tạp chí Dược liệu,10.63240/jmm-nimm.2025.5,https://doi.org/10.63240/jmm-nimm.2025.5,,
2025_anon_.pdf,,,2025,Tạp chí Dược liệu,10.63240/jmm-nimm.2025.1,https://doi.org/10.63240/jmm-nimm.2025.1,,
2025_anon_.pdf,,,2025,Tạp chí Dược liệu,10.63240/jmm-nimm.2025.4,https://doi.org/10.63240/jmm-nimm.2025.4,,
2025_anon_.pdf,,,2025,Tạp chí Dược liệu,10.63240/jmm-nimm.2025.3,https://doi.org/10.63240/jmm-nimm.2025.3,,
2025_anon_.pdf,,,2025,Tạp chí Dược liệu,10.63240/jmm-nimm.2025.2,https://doi.org/10.63240/jmm-nimm.2025.2,,
2023_Phan_XY_DNG_QUY_TRNH_NH_LNG_8_HOT_CHT_TN_DC.pdf,XÂY DỰNG QUY TRÌNH ĐỊNH LƯỢNG 8 HOẠT CHẤT TÂN DƯỢC  NGỤY TẠO TRONG THUỐC DƯỢC LIỆU ĐIỀU TRỊ GIẢM ĐAU  KHÁNG VIÊM BẰNG PHƯƠNG PHÁP HPLC-PDA,Văn Hồ Nam Phan; Thị Lư Lê; Thị Thùy Linh Nguyễn,2023,Tạp chí Y học Việt Nam,10.51298/vmj.v527i1b.5822,https://tapchiyhocvietnam.vn/index.php/vmj/article/download/5822/5252,"<jats:p>Đặt vấn đề: Hiện nay, tình trạng trộn trái phép tân dược vào chế phẩm đông dược diễn biến phức tạp, đặc biệt là trong các thuốc điều trị đau nhức xương khớp. Trong đó, vẫn chưa có nghiên cứu nào tại Việt Nam xác định meloxicam, là hoạt chất có nguy cơ cao hiện nay, ngụy tạo trong các chế phẩm này. Mục tiêu: Xây dựng quy trình định lượng đồng thời 8 tân dược ngụy tạo trong thuốc dược liệu giảm đau, kháng viêm bằng HPLC-PDA. Đối tượng và phương pháp: Paracetamol, piroxicam, meloxicam, diclofenac natri, ibuprofen, prednisolon, betamethason và dexamethason acetat. Xây dựng và thẩm định quy trình theo hướng dẫn của AOAC (2016). Kết quả: Điều kiện sắc ký là: cột sắc ký - XBridgeTM C18 (150x4,6 mm; 5 μm); pha động – ACN và H3PO4 pH 3,5 theo chương trình gradient; tốc độ dòng – 1 ml/phút; thể tích tiêm mẫu – 10 μl; nhiệt độ cột – 30 °C và detector – PDA (220 nm); Mẫu thử được chiết với 20×2 ml ethyl acetat có siêu âm trong 10 phút, loại tạp bằng SPE với 3 ml MeOH. Quy trình đạt các yêu cầu thẩm định theo hướng dẫn của AOAC (2016). 3/5 chế phẩm được xác định có ngụy tạo paracetamol, piroxicam, diclofenac và betamethason. Kết luận: Đã xây dựng và ứng dụng thành công quy trình định lượng 8 hoạt chất tân dược ngụy tạo trong thuốc dược liệu điều trị giảm đau, kháng viêm bằng HPLC-PDA.</jats:p>",
2016_Xun_Nghin_cu_mi_trng_thch_hp_cho_sn_xut_qu_t.pdf,Nghiên cứu môi trường thích hợp cho sản xuất quả thể nấm dược liệu Cordyceps militaris (Clavicipitaceae: Hypocreales),Trịnh Thị Xuân; Lê Anh Tuấn,2016,Can Tho University Journal of Science,10.22144/ctu.jsi.2016.074,https://doi.org/10.22144/ctu.jsi.2016.074,,
2025_Qun_NGHIN_CU_XY_DNG_PHNG_PHP_NH_TNH_V_NH_.pdf,NGHIÊN CỨU XÂY DỰNG PHƯƠNG PHÁP ĐỊNH TÍNH VÀ ĐỊNH LƯỢNG  α-SPINASTEROL 3-O-β-D-GLUCOPYRANOSID TRONG DƯỢC LIỆU ĐẢNG SÂM VIỆT NAM Development of Qualitative and Quantitative Analysis Methods for α-Spinasterol 3-O-β-D-glucopyranoside  in Radix Codonopsis javanicae,Nguyễn Đình Quân; Nguyễn Thị Phương,2025,Tạp chí Dược liệu,10.63240/jmm-nimm.2025.4.149,https://doi.org/10.63240/jmm-nimm.2025.4.149,"<jats:p>In this study, we developed qualitative and quantitative methods for the analysis of α-spinasterol 3-O-β-D-glucopyranoside (SG) in Vietnamese Dang Shen (Radix Codonopsis javanicae) using thin-layer chromatography (TLC) and liquid chromatography-mass spectrometry (LC-MS), respectively. For the TLC method, a mobile phase of dichloromethane-methanol (9:1, v/v) and 10% H2SO4 in ethanol as the visualization reagent was employed to identify SG based on its characteristic spot. For quantification, the LC-MS method utilized electrospray ionization (ESI) in negative mode with selected ion monitoring (SIM), targeting the parent ion at m/z 619.5. The method was validated according to AOAC guidelines, showing excellent linearity (R2 &gt; 0.99), good repeatability (%RSD = 2.99%), and high recovery (91.2-102.5%). SG content in the tested Vietnamese Dang Shen samples ranged from 0.016% to 0.031%.</jats:p>",
2024_Lan_11_NGHIN_CU_MC__NHIM_2_LOI_ASPERGILLUS_FLAV.pdf,11. NGHIÊN CỨU MỨC ĐỘ NHIỄM 2 LOÀI ASPERGILLUS FLAVUS LINK VÀ ASPERGILLUS PARASITICUS SPEARE TRÊN DƯỢC LIỆU BÁCH BỘ (RADIX STEMONAE TUBEROSAE) TỪ MỘT SỐ HIỆU ĐÔNG DƯỢC Ở HÀ NỘI,Tạ Thu Lan; Trần Trịnh Công,2024,Tạp chí Y học Cộng đồng,10.52163/yhc.v65i5.1411,https://tapchiyhcd.vn/index.php/yhcd/article/download/1411/839,"<jats:p>Mục tiêu: Phân tích nấm (A. flavus, A. parasiticus và các loài khác của chi Aspergillus) nhiễm trên dược liệu Bách bộ (Radix Stemonae Tuberosae).
Vật liệu và phương pháp: Sử dụng phương pháp đặt trực tiếp dựa trên đặc điểm hình thái (đặc điểm khuẩn lạc, vi học) và sinh hóa trên các môi trường chuẩn: cấp chi của Barnet và Hunter (1972); cấp loài (chi Aspergillus) của Raper và Fennell (1965); Samson, Hoekstra, Frivaad, Filtenborg (1995); Pitt và Hocking (2009).
Kết quả: Từ 10 mẫu thảo dược được thu thập từ các cửa hàng đông dược ở phố Lãn Ông thuộc địa bàn Hà Nội đã phân lập được 93 chủng nấm thuộc 5 loài của chi Aspergillus Fr.: Fr., bao gồm A. niger, A. flavus, A. parasiticus, A. tamarii và A. aculeatus, trong đó 2 loài A. flavus, A. parasiticus xuất hiện với các chỉ số có nhiều RD và chỉ số có mặt FQ lần lượt là 25,8%; 60% và 11,8%; 50%, chiếm vị trí thứ 2 và 3 sau loài A. niger (với RD = 37,6% và FQ = 60%).
Kết luận: Kết quả trên cho thấy thực trạng dược liệu bị nhiễm các loài của chi Aspergillus, đặc biệt là 2 loài nấm sinh aflatoxin, tiềm ẩn nguy cơ xuất hiện độc tố gây ung thư trên nguồn nguyên liệu này. Bởi vậy, nguồn cơ chất này cần được lưu ý trong quá trình thu hoạch, bảo quản và chế biến. Đồng thời, dược liệu nên được kiểm tra hàm lượng độc tố aflatoxin trước khi đưa vào sử dụng để bảo đảm an toàn cho người sử dụng.</jats:p>",
2025_Quyn_Dc_liu_cha_alcaloid_tc_dng_trn_h_thn_kinh.pdf,Dược liệu chứa alcaloid tác dụng trên hệ thần kinh trung ương: nghiên cứu của GS.TS.NGND. Phạm Thanh Kỳ,Đỗ Quyên,2025,Tạp chí Nghiên cứu Dược và Thông tin Thuốc,10.59882/1859-364x/342,https://jprdi.vn/JP/article/download/342/193,"<jats:p>Bài viết này tổng hợp kết quả nghiên cứu về năm loài dược liệu có mặt tại Việt Nam, chứa alcaloid có tác dụng trên hệ thần kinh trung ương (TKTW) dưới sự hướng dẫn khoa học của GS.TS. Phạm Thanh Kỳ, gồm: Vông (Erythrina variegata), Câu đằng (Uncaria sessilifutus), Bỏng nổ (Flueggea virosa), Sen (Nelumbo nucifera), và Lá ngón (Gelsemium elegans). Các nghiên cứu đã xác định tên khoa học, thành phần hóa học chính là alcaloid, đánh giá hàm lượng alcaloid toàn phần theo thời gian thu hái, và phân lập được khoảng 20 alcaloid thuộc ba nhóm cấu trúc chính: (i) indolizidin và pyrrolizidin từ Bỏng nổ (như virosecurinin, allovirosecurinin...); (ii) indol từ Vông, Câu đằng và Lá ngón (như hypaphorin, tetrahydroalstonin, koumin...); (iii) isoquinolin từ Sen (nuciferin, neferin…). Các dược liệu đều được thử độc tính cấp, trong đó Bỏng nổ, Vông nem và Sen xác định được liều LD50. Trên mô hình thực nghiệm, alcaloid từ lá Vông, Câu đằng và Sen cho thấy tác dụng kéo dài giấc ngủ do barbiturat gây ra, thể hiện hoạt tính an thần, hướng tới ứng dụng làm thuốc an thần, gây ngủ từ dược liệu. Ngược lại, alcaloid từ Bỏng nổ có độc tính cao, kích thích TKTW; hoạt chất virosecurinin, alcaloid chính từ cây Bỏng nổ cho thấy tác dụng hoạt hóa thần kinh tương tự strychnin nhưng khác biệt về cơ chế.</jats:p>",
2024__NGHIN_CU_C_IM_LM_SNG_V_CC_YU_T_LIN_QU.pdf,NGHIÊN CỨU ĐẶC ĐIỂM LÂM SÀNG VÀ   CÁC YẾU TỐ LIÊN QUAN ĐẾN NHIỄM NẤM DA   TẠI BỆNH VIỆN TRƯỜNG ĐẠI HỌC Y DƯỢC CẦN THƠ,Thị Mỹ Hạnh Đỗ; Hoàng Anh Hồ; Phúc Trường Tân Lê; Duy Bảo Nguyễn; Thị Lan Anh Phạm,2024,Tạp chí Y Dược học Cần Thơ,10.58490/ctump.2024i75.2431,https://tapchi.ctump.edu.vn/index.php/ctump/article/download/2431/1934,"<jats:p>Đặt vấn đề: Nấm da là bệnh thường gặp, biểu hiện lâm sàng đa dạng. Phương pháp soi trực tiếp vừa dễ thực hiện vừa đóng vai trò quan trọng giúp chẩn đoán xác định bệnh nhanh chóng. Mục tiêu nghiên cứu: 1) Xác định tỷ lệ nhiễm nấm bằng kỹ thuật soi trực tiếp; 2) Mô tả đặc điểm lâm sàng, các yếu tố liên quan đến nhiễm nấm da. Đối tượng và phương pháp nghiên cứu: Nghiên cứu mô tả cắt ngang trên 117 bệnh nhân nhiễm nấm da tại Bệnh viện Trường Đại học Y Dược Cần Thơ. Kết quả: 53% có kết quả xét nghiệm nấm bằng phương pháp soi trực tiếp dương tính. Bệnh xuất hiện nhiều ở nhóm 20-29 tuổi (38,7%); nhóm nghề nghiệp chiếm tỷ lệ cao là học sinh sinh viên (41,9%). Tổn thương thường gặp nhất là ở vùng mặt, cổ (38,7%) với dấu hiệu thay đổi màu sắc da (80,6%), đa số có triệu chứng ngứa (90,3%). Người có cơ địa ra nhiều mồ hôi, tình trạng da dầu, người sống tập thể, dùng chung khăn hoặc sử dụng corticoid làm tăng nguy cơ mắc bệnh, (p&lt;0,05). Kết luận: Tỷ lệ nhiễm nấm da xác định bằng phương pháp soi trực tiếp dương tính là 53%; ngứa, thay đổi màu sắc da là dấu hiệu thường gặp; những yếu tố liên quan đến tình trạng mắc bệnh gồm: cơ địa ra nhiều mồ hôi, da dầu; sống tập thể, dùng chung khăn hoặc sử dụng corticoid.  </jats:p>",
2025_Duyn_25_VT_LIU_NANO_TIM_NNG_NG_DNG_TRONG_DC_M_.pdf,25. VẬT LIỆU NANO: TIỀM NĂNG ỨNG DỤNG TRONG DƯỢC MỸ PHẨM CHỐNG NẮNG TỪ THIÊN NHIÊN,Bùi Thị Duyên; Nguyễn Thị Phương Thúy,2025,Tạp chí Y học Cộng đồng,10.52163/yhc.v66icd18.3468,https://tapchiyhcd.vn/index.php/yhcd/article/download/3468/3042,"<jats:p>Mục tiêu: Bài báo cáo này nhằm mô tả các ứng dụng tiềm năng của một số loại cấu trúc nano liên quan đến việc sản xuất các công thức kem chống nắng nano đã được phát triển cho đến nay.
Phương pháp nghiên cứu: Tổng hợp có hệ thống các tài liệu khoa học liên quan đến sử dụng hệ nano trong các sản phẩm dược mỹ phẩm chống nắng có nguồn gốc từ thiên nhiên.
Kết quả: Kem chống nắng bào chế bởi công nghệ nano tiên tiến mang lại lợi ích gấp nhiều lần so với công thức thông thường. Các vật liệu kích thước nano như ethosome, transethosome, niosome, nanosponges, liposome, hydrogel, nano nhũ tương hiện trở thành thành phần phổ biến trong các sản phẩm mỹ phẩm kiểm soát tình trạng da nhăn nheo, mất nước, kém đàn hồi liên quan đến vấn đề lão hóa và tăng sắc tố. Ngoài ra, kem chống nắng kết hợp ngày càng phát triển và cải tiến thông qua việc bổ sung các tính năng hỗ trợ làm đẹp mới như chống ánh sáng xanh, chống tia hồng ngoại và chống các chất ô nhiễm môi trường.
Kết luận: Sử dụng vật liệu nano trong các sản phẩm chống nắng đã tạo ra sự thay đổi mang tính cách mạng cho các sản phẩm bảo vệ da từ thiên nhiên cũng như định hình lại các sản phẩm chống nắng trong tương lai.</jats:p>",
2022_Phc_NGHIN_CU_T_L_NHIM_NM__CC_V_THUC_NG_D.pdf,NGHIÊN CỨU TỶ LỆ NHIỄM NẤM Ở CÁC VỊ THUỐC ĐÔNG DƯỢC TẠI BỆNH VIỆN ĐÔNG Y TỈNH NGHỆ AN NĂM 2019,Trần Quang Phục; Hồ Văn Thăng; Đỗ Thị Thanh Thủy,2022,Tạp chí Y học Cộng đồng,10.52163/yhc.v63i6.448,https://doi.org/10.52163/yhc.v63i6.448,"<jats:p>Đặt vấn đề: Một tỷ lệ không nhỏ các vị thuốc Đông dược nhiễm nấm do điều kiện bảo quản khôngtốt. Khi nấm ký sinh trên các vị thuốc Đông dược sinh ra các chất độc như aflatoxin, ochatoxin ảnhhưởng xấu đến sức khỏe người sử dụng… Đề tài nghiên cứu tỷ lệ nhiễm nấm ở các vị thuốc Đôngdược tại Bệnh viện Đông y tỉnh Nghệ An 2019.Mục tiêu: Xác định tỷ lệ, thành phần loài nấm ký sinh ở các vị thuốc Đông dược tại Bệnh viện Đôngy tỉnh Nghệ An năm 2019.Đối tượng và phương pháp: Các vị thuốc Đông dược bảo quản tại kho thuốc Bệnh viện Đông y tỉnhNghệ An. Thiết kế bằng phương pháp nghiên cứu mô tả thực nghiệm tại Labo.Kết quả: Tỷ lệ nhiễm nấm bằng kỹ thuật soi tươi trong môi trường KOH là 40,0%. Tỷ lệ nấm sợichiếm 92,0%, nấm men chỉ chiếm 8,0%. Tỷ lệ nhiễm nấm bằng kỹ thuật nuôi cấy nấm trong môitrường Saboraud là 48,1%, trong đó tỷ lệ nhiễm nấm ở các vị thuốc Bắc là 41,1%, thuốc Nam 62,2%.Bằng kỹ thuật PCR đã xác định 11 loài nấm, trong đó: A. niger chiếm tỷ lệ cao nhất 60,0%(30/50);tiếp đến A. tubingensis 18,0% (9/50).Kết luận: Tỷ lệ nhiễm nấm ở các vị thuốc Đông dược cao (48,1%), thành phần loài đa dạng (11 loài),cần có biện pháp bảo quản phù hợp giảm tỷ lệ nhiễm nấm ở các vị thuốc Đông dược. </jats:p>",
2024_Nguyn_Thit_lp_chun_Acid_oleanolic_phn_lp_t_dc_li.pdf,Thiết lập chuẩn Acid oleanolic phân lập từ dược liệu Ngưu tất,Lâm Hồng Nguyễn; Văn Vĩnh Hà Nguyễn; Thị Nguyên Nguyễn; Thị Thoa Nguyễn,2024,Tạp chí Nghiên cứu Dược và Thông tin Thuốc,10.59882/1859-364x/230,https://jprdi.vn/JP/article/download/230/124,"<jats:p>Ở Trung Quốc và Việt Nam, Ngưu tất và Đinh lăng là dược liệu được sử dụng phổ biến. Trong chuyên luận Ngưu tất và Đinh lăng, cao đặc Đinh lăng của Dược điển Việt Nam V và Trung Quốc (CP 2020), sử dụng chất chuẩn acid oleanolic để định tính, định lượng kiểm tra chất lượng hai loại dược liệu và cao đặc của dược liệu này, vì vậy rất cần có chất chuẩn acid oleanolic được thiết lập ở Việt Nam với giá thành hợp lý. Nghiên cứu này đã phân lập và tinh chế được 2,2 g chất sạch từ 5 kg Ngưu tất. Chất tinh chế đã được khẳng định là acid oleanolic bằng phổ 1H, 13C-NMR, HPLC/DAD, IR và xác định độ tinh khiết sắc ký HPLC sử dụng kỹ thuật chuẩn hoá diện tích là 99,6%. Chất chuẩn acid oleanolic (VRS) được thiết lập tại Viện Kiểm nghiệm thuốc Trung ương, đóng ống chuẩn 10 mg có hàm lượng 97,3% được xác định bằng phương pháp bảo toàn khối lượng (mass-balance), trong đó hàm lượng tạp chất liên quan là 0,38% xác định bằng HPLC/DAD kỹ thuật chuẩn hoá diện tích, hàm lượng tạp chất bay hơi là 2,32% được xác định bằng phương pháp phân tích nhiệt trọng lượng (TGA).
Từ khoá: Acid oleanolic, Radix Achyranthis bidentatae, phân lập, tinh chế, mass-balance</jats:p>",
2020_Thu_Phn_lp_v_kho_st_hm_lng_aloe_emodin_trong_d.pdf,Phân lập và khảo sát hàm lượng aloe-emodin trong dược liệu  Phan tả diệp (Cassia angustifoliaValh.),Lê Thị Minh Thu,2020,Journal of Science and Technology,10.55401/jst.v3i2.139,http://jst.ntt.edu.vn/index.php/jst/article/download/139/139,"<jats:p>Phan tả diệp (Cassia angustifolia Valh.) thuộc họ Đậu (Fabaceae) là loại cây có giá trị y dược cao. Phan tả diệp được trồng tại Tuy Hòa, Phú Yên và bước đầu được các tác giả trong nước quan tâm nghiên cứu. Một anthraquinone rất phổ biến trong nhiều loài thuộc chi Cassia là aloe-emodin. Aloe-emodin là một loại thuốc chống ung thư, táo bón, chữa bệnh dị ứng, chữa tụ máu, làm trắng và giữ ẩm da,…&#x0D;
Phương pháp phân tích bằng sắc kí lỏng hiệu năng cao có ưu điểm: độ nhạy cao, khả năng định lượng đồng thời nhiều chất, tách các hợp chất không bay hơi và chịu nhiệt. Đề tài chon phương pháp này để phân lập, đánh giá chất lượng aloe-emodin từ dược liệu Phan tả diệp. Cấu trúc hóa học của aloe-emodin được xác định bằng các phương pháp phân tích (IR, UV, MS, 1H-NMR)</jats:p>",
2024_H_HOT_TNH_SINH_HC_CA_MT_S_CHNG_VI_NM_NI_SIN.pdf,HOẠT TÍNH SINH HỌC CỦA MỘT SỐ CHỦNG VI NẤM NỘI SINH PHÂN LẬP TỪ CÂY DƯỢC LIỆU HỌ THÔNG ĐẤT VIỆT NAM,"Phạm Thanh Hà, Trịnh Thị Thu Hà; Phạm Thị Thoa, Đào Thị Hồng Vân, Lê Thị Minh Thành",2024,Tạp chí Khoa học Trường Đại học Mở Hà Nội,10.59266/houjs.2023.326,https://jshou.edu.vn/houjs/article/download/326/261,"<jats:p>Vi nấm là một trong những nguồn tiềm năng cung cấp các hợp chất tự nhiên. Trong nghiên cứu này, 5 chủng nấm nội sinh có khả năng sinh tổng hợp huperzine phân lập từ một số loài thảo dược thuộc họ Thông đất Việt Nam đã được đánh giá hoạt tính kháng khuẩn và sinh enzyme ngoại bào. Các chủng đều có khả năng kháng từ 2-5 chủng vi sinh vật (VSV) gây bệnh kiểm định và sinh tổng hợp từ 2-7 loại enzyme ngoại bào. Chủng TĐ02-2.7 có phổ kháng khuẩn rộng nhất, kháng 5/6 chủng VSV kiểm định bao gồm Bacillus cereus, Staphylococcus aureus, Salmonella enterica, Escherichia coli, Pseudomonas aeruginosa, và Candida albicans; sau đó đến chủng HG02-27 ức chế 4/6 chủng ngoại trừ 2 chủng S. enterica và C. albicans. Các chủng có hoạt tính đối kháng VSV kiểm định khá cao, đường kính vòng đối kháng S. aureus từ 35-42 mm, P. aeruginosa từ 28-35 mm, C. albicans từ 28-34 mm và B. cereus từ 26-32 mm. Đáng chú ý là các chủng THG1-18 có khả năng sinh tổng hợp cả 7 loại enzyme được thử nghiệm (lipase, protease, cellulose, gelatinase, phosphatase, amylase và β-galactosidase); chủng TTD2-2,7 và THG2-27 vừa có phổ kháng rộng VSV gây bệnh (4-5 loài VSV thử nghiệm) cũng như khả năng sinh đa dạng enzyme ngoại bào (5-6 loại). Nghiên cứu này bước đầu cho thấy, các chủng vi nấm ngoài khả năng sinh tổng hợp huperzine còn có thể mang đến tiềm năng ứng dụng làm nguồn nguyên liệu trong sản xuất các sản phẩm khác phục vụ trong nông nghiệp, môi trường hoặc công nghiệp chế biến.</jats:p>",
2024_Thu_Phn_lp_v_kho_st_hm_lng_aloe_emodin_trong_d.pdf,Phân lập và khảo sát hàm lượng aloe-emodin trong dược liệu Phan tả diệp (Cassia angustifoliaValh.),Lê Thị Minh Thu,2024,Journal of Science and Technology,10.55401/9yspyj90,https://jst.ntt.edu.vn/index.php/jst/article/download/301/396,"<jats:p>Phan tả diệp (Cassia angustifolia Valh.) thuộc họ Đậu (Fabaceae) là loại cây có giá trị y dược cao. Phan tả diệp được trồng tại Tuy Hòa, Phú Yên và bước đầu được các tác giả trong nước quan tâm nghiên cứu. Một anthraquinone rất phổ biến trong nhiều loài thuộc chi Cassia là aloe-emodin. Aloe-emodin là một loại thuốc chống ung thư, táo bón, chữa bệnh dị ứng, chữa tụ máu, làm trắng và giữ ẩm da,…
Phương pháp phân tích bằng sắc kí lỏng hiệu năng cao có ưu điểm: độ nhạy cao, khả năng định lượng đồng thời nhiều chất, tách các hợp chất không bay hơi và chịu nhiệt. Đề tài chon phương pháp này để phân lập, đánh giá chất lượng aloe-emodin từ dược liệu Phan tả diệp. Cấu trúc hóa học của aloe-emodin được xác định bằng các phương pháp phân tích (IR, UV, MS, 1H-NMR)</jats:p>",
2025_Sn_LIU_PHP_HO_DC_TRONG_IU_TR_PHA_CP_TNH__B.pdf,LIỆU PHÁP HOÁ DƯỢC TRONG ĐIỀU TRỊ PHA CẤP TÍNH Ở BỆNH NHÂN RỐI LOẠN TRẦM CẢM TÁI DIỄN,Tùng Vũ Sơn; Tuấn Nguyễn Văn,2025,Tạp chí Y học Việt Nam,10.51298/vmj.v547i3.13219,https://tapchiyhocvietnam.vn/index.php/vmj/article/download/13219/11322,"<jats:p>Hiện nay có nhiều phương pháp được áp dụng trong điều trị pha cấp tính của một giai đoạn trầm cảm. Liệu pháp hoá dược, đặc biệt là nhóm thuốc chống trầm cảm SSRI (ức chế tái hấp thu serotonin có chọn lọc), vẫn là lựa chọn phổ biến nhất để điều trị trầm cảm trong giai đoạn cấp tính này. Nghiên cứu được thực hiện trên 109 người bệnh được chẩn đoán xác định là rối loạn trầm cảm tái diễn theo tiêu chuẩn của ICD-10 (1992) điều trị nội trú tại Viện Sức khỏe Tâm thần - Bệnh viện Bạch Mai từ tháng 1/2020 đến tháng 12/2021 với phương pháp nghiên cứu mô tả cắt ngang. Kết quả thu được: tỷ lệ bệnh nhân nữ  là 72,48%; phần lớn số bệnh nhân đã mắc 2 giai đoạn trầm cảm tính tới thời điểm nhập viện (56,88%). Trong số các công thức điều trị hoá dược được ghi nhận, cách kết hợp thuốc chống trầm cảm với an thần kinh và bình thần là phổ biến nhất (chiếm 91,74%). 100% số bệnh nhân trầm cảm tái diễn được chỉ định thuốc chống trầm cảm, trong đó Sertraline là thuốc chống trầm cảm được sử dụng nhiều nhất. Nhóm chỉnh khí sắc rất ít được sử dụng trên lâm sàng (chiếm 2,75%). Không có bệnh nhân nào trong nghiên cứu sử dụng thuốc kích thần. Điểm số HAM-D giảm dần từ thời điểm nhập viện, sau 2 tuần và sau 4 tuần điều trị. Có thể nói can thiệp hoá dược ở nhóm đối tượng nghiên cứu là phù hợp với các hướng dẫn điều trị lớn ở Việt Nam và trên thế giới.</jats:p>",
2023_V_Kho_st_v_so_snh_c_im_hnh_thi_ngun_nguy.pdf,Khảo sát và so sánh đặc điểm hình thái nguồn nguyên liệu nấm Linh chi có trong chế phẩm của một số công ty dược trên địa bàn Thành phố Hồ Chí Minh,Thị Bích Ngọc Võ; Trung Trĩnh Trần; Cảnh Em Phạm; Mộng Thắm Võ; Hồng Hương Hạ Lý,2023,TẠP CHÍ KHOA HỌC TRƯỜNG ĐẠI HỌC QUỐC TẾ HỒNG BÀNG,10.59294/hiujs.24.2023.316,https://tapchikhoahochongbang.vn/js/article/download/316/427,"<jats:p>Đặt vấn đề: Nấm Linh chi hiện đang được các công ty Dược phẩm tại Việt Nam sử dụng khá phổ biến để sản xuất ra các sản phẩm hỗ trợ điều trị bệnh. Đề tài được thực hiện để góp phần vào việc phân định rõ chủng loại nấm Linh chi, từ đó kiểm soát chất lượng và hiệu quả sử dụng nấm Linh chi làm thuốc. Mục tiêu nghiên cứu: Khảo sát, so sánh đặc điểm hình thái, cấu trúc, xác định tên khoa học, nêu những đặc điểm giúp nhận diện thể quả nấm Linh chi (G. lucidum). Đối tượng và phương pháp nghiên cứu: Mẫu được thu thập tại một số công ty Dược phẩm. Mô tả đặc điểm hình thái bên ngoài, quan sát dưới kính hiển vi quang học, bằng kính hiển vi điện tử quét (SEM). Kết quả: Định danh được mẫu thể quả nấm Linh chi. Nêu đặc điểm chung về thể quả, mô tả được sự đa dạng về hình thái và cấu trúc của thể quả nấm Linh chi. Kết luận: Đặc điểm hình thái bên ngoài và cấu trúc bên trong của thể quả nấm Linh chi dùng làm thuốc (Ganoderma lucidum) phù hợp với những mô tả trong các tài liệu. Thể quả nấm Linh chi có sự đa dạng tùy theo các điều kiện địa lý, môi trường… đưa đến những điểm khác biệt về hình thái bên ngoài và cấu trúc bên trong giữa các chủng nấm.</jats:p>",
2024_Bi_Phn_tch_d_liu_cht_chuyn_ha_th_cp_trong_c.pdf,Phân tích dữ liệu chất chuyển hóa thứ cấp trong cây bình bát (Annona glabra L.) hướng tác dụng ức chế FtsZ in silico,Quốc Dũng Bùi,2024,Tạp chí Y Dược Huế,10.34071/jmp.2024.3.3,https://huejmp.vn/index.php/journal/article/download/276/270,"<jats:p>Đặt vấn đề: Bình bát (Annona glabra L.) là một loài phân bố rộng rãi ở nước ta với nhiều hoạt tính như chống ung thư, kháng HIV, kháng khuẩn, trị sốt rét, tiêu chảy, diệt ký sinh trùng, …Quá trình sàng lọc in vitro cho thấy dịch chiết methanol của Annona glabra L., ức chế hoạt tính của FtsZ GTPase nổi trội. Nghiên cứu này nhằm khảo sát khả năng ức chế FtsZ GTPase in silico của các chất chuyển hoá thứ cấp trong cây Bình bát. Phương pháp nghiên cứu: Chất chuyển hoá của Bình bát được sưu tập từ các bài báo trong thư viện Pubmed, Researchgate…. Cấu trúc tinh thể 6YD5 trên ngân hàng cơ sở dữ liệu protein PDB được lựa chọn để xây dựng mô hình docking. Quá trình docking thực hiện trên phần mềm LeadIT. Dữ liệu được xử lý và trực quan hoá với ngôn ngữ lập trình Python. Kết quả: 192 cấu trúc trong Bình bát được sưu tầm từ năm 1991 đến năm 2015. Mô hình docking được xây dựng thoả mãn yêu cầu. 37 chất docking thành công từ 140 cấu trúc không trùng lắp. (−)-Roemerolin là một alkaloid aporphin cho điểm số docking thấp nhất -19,7 kJ/mol. Các cấu trúc tiềm năng phân bố chủ yếu ở lá, thân, quả. Kết luận: Phân đoạn cloroform của Bình bát chứa phong phú các alkaloid, amid và polyphenol là phân đoạn tiềm năng ức chế FtsZ. Alkaloid đa vòng aporphin, azaanthraquinon, protoberberin cung cấp cấu trúc khởi đầu cho việc tìm kiếm thuốc kháng khuẩn hướng mục tiêu mới.</jats:p>",
2023_Nguyn_TNG_QUAN_V_QUN_L_THUC_DC_LIU_TI_VIT_NAM.pdf,TỔNG QUAN VỀ QUẢN LÝ THUỐC DƯỢC LIỆU TẠI VIỆT NAM,Phục Hưng Nguyễn; Duy Khánh Đặng; Thái Quản Lưu,2023,Tạp chí Y học Việt Nam,10.51298/vmj.v524i2.4830,https://tapchiyhocvietnam.vn/index.php/vmj/article/download/4830/4420,"<jats:p>Mục tiêu: đánh giá thực trạng công tác quản lý nhà nước về thuốc dược liệu ở Việt Nam. Phương pháp: phân tích các văn bản pháp luật liên quan đến quản lý thuốc dược liệu tại Việt Nam. Kết quả: sau khi phân tích các văn bản pháp luật liên quan quản lý thuốc dược liệu thấy được các cơ quan y tế đang thực hiện các công tác quản lý liên quan đến thuốc dược liệu với 23 văn bản liên quan đến khám chữa bệnh, kiểm soát chất lượng, kinh doanh, sản xuất, xuất nhập khẩu, xử lý – thu hồi, đăng ký lưu hành, đấu thầu mua sắm. Kết luận: kết quả nghiên cứu cung cấp được các văn bản pháp luật có liên quan đến quản lý thuốc dược liệu và cho thấy cơ quan y tế, Nhà Nước đã quan tâm và thực hiện công tác quản lý rất tốt giúp đảm bảo thông tin và nâng cao chất lượng thuốc dược liệu phục vụ nhân dân.</jats:p>",
2024_Loan_NGHIN_CU_BO_CH_VIN_NANG_CNG_H_TR_BO_V_GA.pdf,"NGHIÊN CỨU BÀO CHẾ VIÊN NANG CỨNG HỖ TRỢ BẢO VỆ GAN TỪ DƯỢC LIỆU THUỘC NHÓM THUỐC THANH NHIỆT, GIẢI ĐỘC",Phạm Thanh Loan; Hà Thị Tâm Tiến; Phạm Quốc Tuấn,2024,TNU Journal of Science and Technology,10.34238/tnu-jst.10785,https://jst.tnu.edu.vn/jst/article/viewFile/10785/pdf,"<jats:p>Viên nang cứng hỗ trợ bảo vệ gan được bào chế từ bài thuốc thuộc nhóm thanh nhiệt, giải độc đã được Bộ Y tế công nhận gồm 6 loại dược liệu Nhân trần, Bồ công anh, Actiso, Kim ngân hoa, Cúc hoa, Cam thảo và gia thêm dược liệu hạt Cúc gai nhằm nâng cao tác dụng của bài thuốc. Nghiên cứu nhằm xây dựng công thức bào chế cao khô dược liệu bằng phương pháp phun sấy và xây dựng công thức viên nang cứng hỗ trợ bảo vệ gan. Hạt Cúc gai được chiết xuất bằng phương pháp ngâm tĩnh sử dụng dung môi ethanol, các dược liệu còn lại được chiết xuất bằng phương pháp chiết nóng với dung môi nước. Dịch chiết được cô đặc về dạng cao lỏng đạt hàm lượng rắn là 15%. Tỷ lệ tá dược (maltodextrin/aerosil)/chất rắn để phun sấy tạo cao khô dược liệu thích hợp là 45%; cao khô tơi, mịn, độ ẩm 4,1%; hiệu suất phun sấy đạt 80,41%. Viên nang cứng được bào chế theo công thức: cao khô dược liệu 450 mg, lactose 30 mg, talc 5 mg, magnesi stearate 15 mg, polyvinylpyrrolidone vừa đủ. Viên nang bào chế đạt yêu cầu chất lượng theo tiêu chuẩn của Dược điển Việt Nam V. Hàm lượng silymarin trong viên nang đạt 36,6 mg/g. Đây là cơ sở để lựa chọn phương pháp bào chế sản phẩm viên nang cứng hỗ trợ bảo vệ gan từ 7 loại dược liệu nêu trên ứng dụng trong thực tiễn sản xuất.</jats:p>",
2021_Trang_Nghin_cu_nh_gi_kh_nng_khng_nm_mc_cho_vt.pdf,Nghiên cứu đánh giá khả năng kháng nấm mốc cho vật liệu xây dựng,Trần Ngọc Trang; Lê Thị Song; Lê Cao Chiến,2021,Tạp chí Vật liệu &amp; Xây dựng - Bộ Xây dựng,10.54772/jomc.6.2021.211,http://ojs.jomc.vn/index.php/vn/article/download/211/114,"<jats:p>Việt Nam là một quốc gia có khí hậu nhiệt đới gió mùa, nóng ẩm, có đường bờ biển trải dài từ Bắc vào Nam. Do vậy môi trường không khí trong nhà thường dễ bị ẩm ướt. Đây là điều kiện lý tưởng để nấm mốc có thể phát triển gây ảnh hưởng xấu đến sức khỏe con người và làm biến đổi thành phần, tính chất vật liệu tạo ra những mối nguy hại đến công trình xây dựng. Nghiên cứu thử nghiệm khả năng kháng nấm mốc của Vật liệu xây dựng đang được thực hiện tại Trung tâm Thiết bị, Môi trường và An toàn Lao động – Viện Vật liệu xây dựng  theo tiêu chuẩn ASTM D3273 – 16. Phương pháp thử nghiệm sử dụng ba chủng nấm mốc: Aureobasidium pullulans ATCC 9348, Aspergillus niger ATCC 6275 và Penicillium Sp ATCC 9849 được phân lập trong 10 đến 14 ngày. Khi các chủng nấm đạt đến độ phát triển tối ưu, tiến hành cấy các bào tử nấm này sang môi trường đất chứa 25 % rêu bùn, độ pH 5,5 đến 7,0. Nghiên cứu tiến hành so sánh và đánh giá khả năng kháng nấm mốc của các loại mẫu thử: Tấm trần thạch cao kháng khuẩn; tấm sợi khoáng tiêu âm; tấm thạch cao thông thường và tấm gỗ ép MDF, sau khi phơi nhiễm trong môi trường chứa các bào tử nấm này ở điều kiện nhiệt độ 32,5 ± 1 oC và độ ẩm 95 ± 3 % trong thời gian 04 tuần. Bài viết này đề cập đến nội dung của phương pháp đánh giá,  kết quả đánh giá và so sánh khả năng kháng nấm mốc của một số vật liệu xây dựng kháng nấm mốc và thông thường trên thị trường Việt Nam.</jats:p>",
2023_Phng_NH_LNG_HOT_CHT_PSEUDOPROTODIOSCIN_TRONG_DC.pdf,ĐỊNH LƯỢNG HOẠT CHẤT PSEUDOPROTODIOSCIN TRONG DƯỢC LIỆU THIÊN MÔN ĐÔNG BẰNG PHƯƠNG PHÁP HPLC-UV,Nguyễn Thị Phương; Hoàng Thị Tuyết; Vi Thị Tuyến; Phùng Thị Hoài Thu; Nguyễn Hữu Thiện; Lê Thị Phượng,2023,TNU Journal of Science and Technology,10.34238/tnu-jst.8326,http://jst.tnu.edu.vn/jst/article/viewFile/8326/pdf,"<jats:p>Mục tiêu của nghiên cứu này là phát triển và thẩm định phương pháp định lượng pseudoprotodioscin trong dược liệu Thiên môn đông (Asparagus cochinchinensis (Lour.) Merr.) bằng sắc ký lỏng hiệu năng cao với đầu dò UV- Vis. Phương pháp sắc ký được thực hiện trên cột pha đảo Lightversil C18 (25cm x 4,6mm, 5µm), pha động acetonitril – nước, chế độ rửa giải gradient, tốc độ dòng 1 mL/phút. Bước sóng phát hiện của pseudoprotodioscin là 203 nm. Kết quả nghiên cứu cho thấy đường chuẩn xây dựng được có độ tuyến tính cao (R2=1). Kết quả thẩm định phương pháp đáp ứng các yêu cầu của ICH về độ chính xác, độ lặp lại, khoảng tuyến tính và độ chọn lọc. Giới hạn phát hiện (LOD) và giới hạn định lượng (LOQ) của pseudoprotodioscin lần lượt là 2,13 và 6,45 µg/ml. Hàm lượng pseudoprotodioscin trong các mẫu Thiên môn đông tại Việt Nam dao động trong khoảng 0,020 – 0,206%. Kết quả thu được góp phần gợi ý cho việc kiểm tra chất lượng dược liệu Thiên môn đông tại Việt Nam. Như vậy, phương pháp HPLC-UV đạt yêu cầu phép định lượng pseudoprotodioscin trong Thiên môn đông.</jats:p>",
2025_Thm_MT_S_NHN_T_NH_HNG_N_HNH_VI_BN_THUC_D.pdf,MỘT SỐ NHÂN TỐ ẢNH HƯỞNG ĐẾN HÀNH VI BÁN THUỐC DƯỢC LIỆU CỦA NGƯỜI BÁN LẺ THUỐC TẠI TỈNH VĨNH LONG NĂM 2024,Hồ Hồng Thắm; Nguyễn Phục Hưng; Võ Thị Mỹ Hương; Hồ Thị Thu Hằng; Nguyễn Phú Vinh,2025,Tạp Chí Khoa học Trường Đại học Quốc tế Hồng Bàng,10.59294/hiujs.khsk.2025.032,https://tapchikhoahochongbang.vn/js/article/download/1010/893,"<jats:p>Mục tiêu: Xây dựng và thẩm định bộ câu hỏi nghiên cứu nhằm xác định các yếu tố ảnh hưởng đến hành vi bán thuốc dược liệu của người bán lẻ thuốc tại tỉnh Vĩnh Long năm 2024 trên cơ sở mở rộng mô hình Lý thuyết Hành vi có kế hoạch (TPB). Phương pháp nghiên cứu: Thiết kế nghiên cứu mô tả cắt ngang, sử dụng bảng hỏi cấu trúc dựa trên thang đo Likert 5 mức. Dữ liệu được thu thập từ 210 người hành nghề dược tại các cơ sở bán lẻ thuốc. Các bước kiểm định độ tin cậy (Cronbach’s Alpha), phân tích nhân tố khám phá (EFA), phân tích nhân tố khẳng định (CFA) và mô hình cấu trúc tuyến tính (SEM) được thực hiện để đánh giá mô hình lý thuyết. Kết quả: Mô hình SEM cho thấy các yếu tố như nhu cầu thành tích (AN), thái độ (A), chuẩn chủ quan (SN), nhận thức kiểm soát hành vi (PBC), và quảng cáo - tiếp thị (MA) đều tác động thuận chiều đến mức độ cảm nhận “Khó khăn” trong hành nghề. Biến “Khó khăn” đóng vai trò trung gian và có ảnh hưởng tích cực đến hành vi bán thuốc dược liệu. Mô hình cho thấy sự phù hợp về lý thuyết và thực tiễn trong bối cảnh nghiên cứu tại địa phương. Kết luận: Hành vi bán thuốc dược liệu là kết quả của sự tương tác giữa yếu tố cá nhân, xã hội và rào cản hành nghề. Nghiên cứu đề xuất các chiến lược can thiệp đồng bộ nhằm thúc đẩy hành vi này thông qua đào tạo, hỗ trợ thông tin, truyền thông và động lực nghề nghiệp.</jats:p>",
2025_Kin_8_NGHIN_CU_C_TNH_CP_V_C_TNH_BN_TRNG_D.pdf,8. NGHIÊN CỨU ĐỘC TÍNH CẤP VÀ ĐỘC TÍNH BÁN TRƯỜNG DIỄN CỦA DUNG DỊCH XỊT HỖ TRỢ ĐIỀU TRỊ TỔN THƯƠNG HỞ Ở DA TỪ NANO BẠC VÀ MỘT SỐ DƯỢC LIỆU,Trần Bá Kiên; Nguyễn Thị Thu Huyền,2025,Tạp chí Y học Cộng đồng,10.52163/yhc.v66icd18.3451,https://tapchiyhcd.vn/index.php/yhcd/article/download/3451/3020,"<jats:p>Mục tiêu: Đánh giá độc tính cấp và độc tính bán trường diễn của dung dịch xịt hỗ trợ điều trị tổn thưởng da từ nano bạc và một số dược liệu (Hoàng liên, Hoàng đằng, Kim ngân hoa, Cỏ nhọ nồi, Nghệ).
Phương pháp nghiên cứu: Đánh giá độc tính cấp trên 40 con chuột cống trắng và độc tính bán trường diễn trên 30 con thỏ theo quy định. 
Kết quả: Nghiên cứu độc tính cấp trên chuột cống trắng theo đường dùng ngoài không xác định được độc tính cấp ở liều cao nhất 2000 mg/kg chuột. Với độc tính bán trường diễn, cho thỏ sử dụng 28 ngày ở mức liều 500 mg/kg, không thay đổi có ý nghĩa thống kê về trọng lượng cơ thể; số lượng tiểu cầu, hồng cầu, bạch cầu; nồng độ AST, ALT, urê, creatinin, cholesterol, protein và bilirubin toàn phần. Hình ảnh mô bệnh học của gan, thận bình thường.
Kết luận: Không xác định được độc tính cấp của dung dịch xịt hỗ trợ điều trị tổn thương hở ở da. Độc tính bán trường diễn cho thấy chế phẩm thử không gây tổn thương gan thận, số lượng tiểu cầu, hồng cầu và bạch cầu trong máu ngoại vi của thỏ. </jats:p>",
2025_Kin_43_CHATBOT_DC_S_O_TCH_HP_C_S_D_LIU_THUC.pdf,43. CHATBOT DƯỢC SĨ ẢO TÍCH HỢP CƠ SỞ DỮ LIỆU THUỐC ĐỂ HỖ TRỢ QUẢN LÝ BỆNH NHÂN ĐÁI THÁO ĐƯỜNG,Trần Bá Kiên,2025,Tạp chí Y học Cộng đồng,10.52163/yhc.v66icd18.3486,https://tapchiyhcd.vn/index.php/yhcd/article/download/3486/3061,"<jats:p>Mục tiêu: Phát triển và đánh giá khả thi giai đoạn đầu một chatbot dược sĩ ảo tích hợp cơ sở dữ liệu thuốc và hướng dẫn lối sống để hỗ trợ người bệnh đái tháo đường tại nhà thuốc cộng đồng; xác định độ chính xác tư vấn, khả năng xử lý câu hỏi ngoài kịch bản, hiệu suất và mức chấp nhận của người dùng.
Phương pháp: Phân tích yêu cầu của người dùng; xây dựng cơ sở dữ liệu thuốc và giáo dục sức khỏe dựa trên hướng dẫn của Bộ Y tế (2017, 2021) và khuyến cáo của ADA/EASD; thiết kế 200 kịch bản hội thoại cá nhân hóa theo các giai đoạn thay đổi hành vi; triển khai pipeline NLP (Rasa/Dialogflow) kết hợp mô hình ngôn ngữ (Gemini API) và API ghi nhận chỉ số đường huyết/huyết áp; kiểm thử nội bộ (alpha) và thử nghiệm khả thi 7 ngày tại 1 nhà thuốc trong khung 3 nhà thuốc làm điểm.
Kết quả: Cơ sở tri thức gồm 40 chủ đề với 200 kịch bản. Trên 200 tình huống chuẩn, chatbot trả lời chính xác/đầy đủ 94%; với câu hỏi ngoài kịch bản (chiếm 12% phiên thực tế), hệ thống cung cấp phản hồi hữu ích 91%. Thử nghiệm tại quầy ghi nhận 127 phiên từ 53 người dùng, thời gian phản hồi trung bình 1,8 giây; 88% người tham gia khảo sát đánh giá “hữu ích/rất hữu ích”.
Kết luận: Chatbot cho thấy tính sẵn sàng nội dung, độ chính xác cao và khả dụng tốt trong bối cảnh nhà thuốc cộng đồng ở giai đoạn đầu, gợi mở tiềm năng mở rộng triển khai và đánh giá tác động đến hành vi/chăm sóc bệnh mạn tính ở quy mô lớn hơn.</jats:p>",
2025_Tun_20_NH_LNG_CH_TRONG_CAO_C_CY_NG_SC_V_MT.pdf,20. ĐỊNH LƯỢNG CHÌ TRONG CAO ĐẶC CÂY NGŨ SẮC VÀ MỘT SỐ DƯỢC LIỆU BẰNG PHỔ HẤP THỤ NGUYÊN TỬ,Nguyễn Văn Tuấn; Mai Công Hưng; Trần Minh Đức; Nguyễn Văn Mẫu; Phạm Lý Hà,2025,Tạp chí Y học Cộng đồng,10.52163/yhc.v66icd18.3463,https://tapchiyhcd.vn/index.php/yhcd/article/download/3463/3037,"<jats:p>Mục tiêu: Định lượng được chì trong trong cao đặc hỗn hợp dược liệu (Ngũ sắc, Kim ngân hoa, Cỏ nhọ nồi, Bạch chỉ, Tế tân) hỗ trợ điều trị viêm mũi xoang.
Phương pháp nghiên cứu: Áp dụng phương pháp quang phổ hấp thụ nguyên tử ngọn lửa để xác định hàm lượng chì. Phương pháp được thẩm định theo các tiêu chí: độ đặc hiệu, độ đúng, độ tuyến tính, độ lặp lại, giới hạn phát hiện (LOD), giới hạn định lượng (LOQ) và độ phù hợp của hệ thống, theo hướng dẫn của AOAC và ICH.
Kết quả: Phương pháp đạt yêu cầu thẩm định với R² = 0,9992, độ thu hồi trung bình 101%, RSD &lt; 2%, LOD = 0,0427 ppm và LOQ = 0,1409 ppm. Hàm lượng chì trong các mẫu cao dược liệu dao động từ 0,10-0,12 ppm, thấp hơn nhiều so với giới hạn cho phép (≤ 20,0 ppm).
Kết luận: Phương pháp quang phổ hấp thụ nguyên tử ngọn lửa có độ chính xác, độ nhạy cao và phù hợp để định lượng chì trong cao dược liệu. Các mẫu nghiên cứu đều đạt yêu cầu về giới hạn chì trong cao đặc dược liệu.</jats:p>",
2025_Chi_Ch_dy_Nghin_cu_pht_trin_sn_phm_dc_liu_t.pdf,Chè dây: Nghiên cứu phát triển sản phẩm dược liệu từ tri thức bản địa,Nguyễn Quỳnh Chi; Nguyễn Thu Hằng; Đỗ Quyên; Phạm Tuấn Anh; Thân Thị Kiều My; Nguyễn Văn Phương,2025,Tạp chí Nghiên cứu Dược và Thông tin Thuốc,10.59882/1859-364x/319,https://jprdi.vn/JP/article/download/319/192,"<jats:p>Chè dây [Ampelopsis cantoniensis (Hook. et Arn.) Planch] là cây thuốc bản địa được sử dụng theo kinh nghiệm của đồng bào một số dân tộc miền núi phía bắc Việt Nam để điều trị các bệnh về dạ dày. Dựa trên tri thức bản địa, GS.TS.NGND. Phạm Thanh Kỳ cùng các cộng sự đã tiến hành nghiên cứu toàn diện về thực vật, thành phần hóa học, tác dụng dược lý, đánh giá độ an toàn và hiệu quả lâm sàng của Chè dây, từ đó phát triển thành công chế phẩm Ampelop - thuốc điều trị viêm loét dạ dày - tá tràng đầu tiên từ Chè dây được Bộ Y tế cấp phép lưu hành. Bài báo này tổng hợp quá trình nghiên cứu, phát triển, tiêu chuẩn hóa, thương mại hóa sản phẩm Ampelop từ tri thức bản địa của GS.TS.NGND. Phạm Thanh Kỳ và các cộng sự.</jats:p>",
2025_Lng_Xy_dng_quy_trnh_xc_nh_14_dc_cht_ngy_to_.pdf,Xây dựng quy trình xác định 14 dược chất ngụy tạo trong chế phẩm dạng rắn từ dược liệu,Vĩ Khang Lương; Tấn Phát Huỳnh; Thị Thùy Linh Nguyễn; Thanh Thúy Võ; Thu Ánh Nguyễn; Thị Minh Tâm Ngô,2025,Y HOC TP. HO CHI MINH,10.32895/hcjm.p.2025.03.05,https://doi.org/10.32895/hcjm.p.2025.03.05,"<jats:p>Đặt vấn đề: Hiện nay, tình trạng trộn trái phép tân dược vào các chế phẩm từ dược liệu diễn biến phức tạp. HPLC-UV/Vis khá hiệu quả về chi phí mà phù hợp với điều kiện của Việt Nam được lựa chọn nghiên cứu nhằm phát hiện tối đa nguy cơ này.

Mục tiêu: Xây dựng và thẩm định quy trình định lượng betamethason, dexamethason base, methylprednisolon, triamcinolon, prednison, aceclofenac, dexamethason acetat, diclofenac, ibuprofen, ketoprofen, meloxicam, acid mefenamic, piroxicam và paracetamol ngụy tạo trong các chế phẩm dạng rắn từ dược liệu có tác dụng hỗ trợ điều trị cơ xương khớp bằng HPLC-UV/Vis theo hướng dẫn của AOAC (2023).

Đối tượng và phương pháp nghiên cứu: Điều kiện sắc ký: pha tĩnh - XBridgeTM C18 (250×4,6 mm; 5 μm); pha động - ACN và triethylamin pH 3,5 (gradient); phát hiện ở 224 nm và 280 nm; mẫu thử chiết bằng siêu âm 10 phút với 2 × 20 ml ethyl acetat, loại tạp bằng SPE với 3 ml MeOH.

Kết quả: Quy trình phân tích có độ chính xác phù hợp (RSD%, n=6 &lt; 5 %) và độ thu hồi (89,78 - 118,69%), LOQ của tất cả các hoạt chất khoảng 25 ppm. 8/50 chế phẩm có ngụy tạo paracetamol, diclofenac, aceclofenac, dexamethason base và dexamethason acetat.

Kết luận: Quy trình phân tích 14 dược chất đã được thẩm định và ứng dụng để kiểm tra 50 chế phẩm đang lưu hành trên thị trường.

Từ khóa: ngụy tạo; dược liệu; HPLC</jats:p>",
2025_Hoa_Cc_cng_trnh_nghin_cu_v_dc_liu_c_tc_dng.pdf,"Các công trình nghiên cứu về dược liệu có tác dụng chống viêm, tác dụng bảo vệ gan, chống oxy hoá của GS.TS.NGND. Phạm Thanh Kỳ và các cộng sự",Hoàng Quỳnh Hoa; Vũ Nguyễn Diệu Linh; Phạm Thị Linh Giang,2025,Tạp chí Nghiên cứu Dược và Thông tin Thuốc,10.59882/1859-364x/307,https://jprdi.vn/JP/article/download/307/197,"<jats:p>Viêm và tổn thương gan là hai tình trạng bệnh lý phổ biến, có liên quan mật thiết đến nhiều cơ chế sinh lý và bệnh lý trong cơ thể. Bên cạnh việc sử dụng thuốc hóa dược, các dược liệu có tác dụng chống viêm, bảo vệ gan đang ngày càng được quan tâm nhờ tính an toàn và tiềm năng ứng dụng trong điều trị. Trong suốt hơn hai thập kỷ, GS.TS.NGND. Phạm Thanh Kỳ và các cộng sự đã tiến hành nhiều công trình nghiên cứu về các dược liệu có tác dụng chống viêm, chống oxy hóa và bảo vệ gan. Bài báo này tổng quan các kết quả nghiên cứu một số dược liệu tiêu biểu được đánh giá các tác dụng trên, với sự hướng dẫn khoa học của GS.TS.NGND. Phạm Thanh Kỳ. Các nghiên cứu được thực hiện trên nhiều mô hình in vivo và in vitro khác nhau nhằm đánh giá hiệu quả chống viêm cấp, chống viêm mạn và khả năng bảo vệ gan, chống oxy hoá. Kết quả cho thấy nhiều dược liệu thể hiện hiệu quả rõ rệt, một số có hiệu quả tương đương thuốc đối chiếu. Nghiên cứu về thành phần hóa học của các dược liệu này đã góp phần giải thích mối liên hệ giữa thành phần hóa học và các tác dụng chống viêm, bảo vệ gan và chống oxy hóa của dược liệu này. Bài tổng quan góp phần hệ thống hóa tri thức, khẳng định giá trị khoa học của các công trình đã thực hiện, đồng thời đề xuất hướng nghiên cứu chuyên sâu hơn về cơ chế tác dụng và khả năng ứng dụng lâm sàng trong tương lai.</jats:p>",
2023_V_NH_GI_HIU_QU_CAN_THIP_CA_DC_S_LN_VIC_T.pdf,"ĐÁNH GIÁ HIỆU QUẢ CAN THIỆP CỦA DƯỢC SĨ LÊN VIỆC THEO DÕI TRỊ LIỆU VANCOMYCIN TẠI KHOA HỒI SỨC TÍCH CỰC – CHỐNG ĐỘC, BỆNH VIỆN NGUYỄN TRI PHƯƠNG",Thị Hà Võ; Tuấn Anh Nguyễn,2023,Tạp chí Y học Việt Nam,10.51298/vmj.v525i2.5249,https://tapchiyhocvietnam.vn/index.php/vmj/article/download/5249/4780,"<jats:p>Đặt vấn đề: Đánh giá hiệu quả của can thiệp bởi dược sĩ liên quan theo dõi trị liệu thuốc vancomycin (TDM) tại Khoa hồi sức tích cực – Chống độc (HSTC-CĐ), Bệnh viện Nguyễn Tri Phương. Đối tượng, phương pháp: hồi cứu 82 bệnh án có TDM vacomycin trong đó 40 bệnh án trong giai đoạn chưa có dược sĩ lâm sàng (trước can thiệp từ 3/2020-8/2020) và 42 bệnh án trong giai đoạn có dược sĩ lâm sàng làm việc tại Khoa HSTC-CĐ (sau can thiệp từ 9/2020-2/2021). Kết quả: Tỷ lệ tuân thủ hiệu chuẩn liều theo hướng dẫn tăng từ 60,6% ở nhóm không can thiệp lên 79,2% sau can thiệp, khác biệt có ý nghĩa thống kê, p =0,019. Tỷ lệ mẫu nồng độ đáy đạt đích điều trị tăng từ 26,7% lên 42,0%, khác biệt có ý nghĩa thống kê, p=0,036. Tỷ lệ người bệnh có ít nhất một nồng độ đáy trong khoảng mục tiêu điều trị tăng từ 35,0% lên 57,1%, khác biệt có ý nghĩa thống kê, p=0,039. Thời gian nằm viện giảm từ 28,56 ngày xuống 22,48 ngày, khác biệt không có ý nghĩa thống kê. Kết luận: Thực hiện theo hướng dẫn TDM vancomycin có sự can thiệp của dược sĩ lâm sàng tăng tỷ lệ mẫu đạt nồng độ đích trong điều trị và tăng tỷ lệ người bệnh đạt nồng độ đích điều trị.</jats:p>",
2025_H_26_NH_LNG_FLAVONOID_TON_PHN_TRONG_CAO_C_T.pdf,26. ĐỊNH LƯỢNG FLAVONOID TOÀN PHẦN TRONG CAO ĐẶC TỪ NGŨ SẮC VÀ MỘT SỐ DƯỢC LIỆU BẰNG QUANG PHỔ UV-VIS,Phạm Lý Hà; Nguyễn Văn Tuấn; Phạm Thị Tâm; Ngô Nguyễn Mai Phương; Nguyễn Thị Quỳnh Trang,2025,Tạp chí Y học Cộng đồng,10.52163/yhc.v66icd18.3469,https://tapchiyhcd.vn/index.php/yhcd/article/download/3469/3043,"<jats:p>Mục tiêu: Xây dựng và thẩm định phương pháp định lượng flavonoid toàn phần có trong cao đặc tính theo quercetin bằng phương pháp quang phổ hấp thụ tử ngoại và khả kiến (UV-Vis).
Phương pháp: Phương pháp đo quang dựa trên phản ứng tạo màu với thuốc thử AlCl3, thẩm định phương pháp định lượng theo hướng dẫn của AOAC.
Kết quả: Xây dựng phương pháp định lượng flavonoid toàn phần trong cao đặc phù hợp với hệ thống quang phổ UV-Vis có độ đúng cao với tỷ lệ thu hồi trung bình từ 99,44-100,37%, RSD ≤ 2%, độ chính xác, độ phù hợp hệ thống, khoảng tuyến tính đạt yêu cầu. Hàm lượng flavonoid toàn phần trong cao đặc được xác định bằng phương pháp đã xây dựng là 3,04% (RSD = 0,7%) tính theo quercetin.
Kết luận: Đã xây dựng và thẩm định được phương pháp định lượng flavonoid toàn phần có trong cao đặc tính theo quercetin bằng phương pháp quang phổ hấp thụ tử ngoại và khả kiến.</jats:p>",
2025_Nguyn_Xy_dng_phng_php_nh_lng_conessin_v_nh_g.pdf,"Xây dựng phương pháp định lượng conessin và đánh giá hoạt tính gây độc tế bào, kháng viêm in vitro của dược liệu Mộc hoa trắng (Holarrhena pubescens (Buch.-Ham.) Wall. ex G. Don)",Viết Khẩn Nguyễn; Thị Khánh Linh Nguyễn; Thị Bảy Ngô; Châu Trọng Nhân Hoàng; Hưng Hiếu Trần; Thanh Hà Cao,2025,Tạp chí Y Dược Huế,10.34071/jmp.2025.3.17,https://huejmp.vn/index.php/journal/article/download/546/530,"<jats:p>Đặt vấn đề: Dược liệu Mộc hoa trắng được ứng dụng trong y học cổ truyền cũng như các bài thuốc dân gian. Tuy nhiên, các nghiên cứu về định lượng conessin – hoạt chất chính, cùng với hoạt tính sinh học của dược liệu này còn hạn chế. Nghiên cứu này thực hiện nhằm xây dựng quy trình định lượng conessin bằng HPLC và đánh giá hoạt tính kháng ung thư và kháng viêm in vitro của cao chiết từ vỏ thân Mộc hoa trắng.
Đối tượng nghiên cứu: vỏ thân Mộc hoa trắng.
Kết quả: Phương pháp định lượng có độ đặc hiệu, tính thích hợp, độ tuyến tính, độ chính xác và độ đúng cao. Cao chiết vỏ thân có hoạt tính gây độc tế bào trên ba dòng SK-LU-1, HepG2 và SW480 với giá trị IC₅₀ từ 45,55 đến 67,70 µg/mL, ức chế sản sinh NO với giá trị IC₅₀ 90,83 µg/mL.
Kết luận: Phương pháp HPLC được xây dựng có thể áp dụng để định lượng conessin trong mẫu Mộc hoa trắng. Cao chiết từ vỏ thân thể hiện hoạt tính kháng ung thư in vitro đáng kể trên ba dòng tế bào được nghiên cứu, đồng thời cho thấy khả năng kháng viêm in vitro. Hoạt tính kháng ung thư in vitro của cao chiết vỏ thân Mộc hoa trắng trên ba dòng tế bào SK-LU-1, HepG2 và SW480 được công bố lần đầu tiên.
 </jats:p>",
2023_L_XY_DNG_QUY_TRNH_NH_GI_HOT_TNH_C_CH_ENZYM.pdf,XÂY DỰNG QUY TRÌNH ĐÁNH GIÁ HOẠT TÍNH ỨC CHẾ   ENZYM α-GLUCOSIDASE CỦA CAO CHIẾT DƯỢC LIỆU  SỬ DỤNG MÁY QUANG PHỔ HAI CHÙM TIA,Minh Luân Lê; Đức Linh Võ; Ngọc Nhã Thảo Nguyễn,2023,Tạp chí Y Dược học Cần Thơ,10.58490/ctump.2023i63.1253,https://tapchi.ctump.edu.vn/index.php/ctump/article/download/1253/1499,"<jats:p>Đặt vấn đề: Các nghiên cứu đánh giá hoạt tính ức chế men α-glucosidase của cao dược liệu thường sử dụng máy đo quang phổ 96 giếng. Với máy đo quang phổ 2 chùm tia thông thường thì điều kiện xử lý mẫu cần phải được xây dựng và đánh giá lại cho phù hợp để có thể ứng dụng đánh giá hoạt tính ức chế men α-glucosidase của cao dược liệu phục vụ cho mục đích nghiên cứu. Mục tiêu nghiên cứu: Xây dựng quy trình và đánh giá tác dụng ức chế men α-glucosidase in vitro của cao đặc lá Xoài, Giảo cổ lam, Dây thìa canh trên máy quang phổ hai chùm tia UV-VIS. Đối tượng và phương pháp nghiên cứu: Cao đặc lá Xoài, Giảo cổ lam, Dây thìa canh. Đánh giá tác dụng ức chế men α--glucosidase của các cao chiết bằng phản ứng với cơ chất pNPG thông qua việc khảo sát các điều kiện về nồng độ enzyme, thời gian phản ứng và ảnh hưởng của chất đệm Na2CO3, tiến hành đo quang ở bước sóng 400nm sử dụng máy đo quang phổ hai chùm tia UV-VIS đồng thời ứng dụng quy trình đã xây dựng để khảo sát hoạt tính ức chế của ba loại cao đặc dược liệu lá Xoài, Giảo cổ lam và Dây thìa canh. Kết quả: Cao của ba loại dược liệu lá Xoài, Giảo cổ lam, Dây thìa canh và acarbose có tác dụng ức chế men α-glucosidase với giá trị IC50 lần lượt là: 39,68±0,27µg/mL, 126,94±4,58µg/mL, 92,32±0,97µg/mL và 176,09±0,26µg/mL. Kết luận: Đã xây dựng được quy trình đánh giá hoạt tính ức chế men α-glucosidase in vitro trên máy đo quang phổ hai chùm tia và cho kết quả các loại dược liệu lá Xoài, Giảo cổ lam, Dây thìa canh có khả năng ức chế men αglucosiadse. </jats:p>",
2025_Phan_T_L_NHIM_THNH_PHN_LOI_V_MT_S_YU_T_LIN_.pdf,"TỶ LỆ NHIỄM, THÀNH PHẦN LOÀI VÀ MỘT SỐ YẾU TỐ LIÊN QUAN ĐẾN NHIỄM VI NẤM NGOÀI DA Ở BỆNH NHÂN ĐẾN KHÁM TẠI BỆNH VIỆN TRƯỜNG ĐẠI HỌC Y DƯỢC CẦN THƠ",Hoàng Đạt Phan; Thị Pha Nguyễn; Thị Hồng Của Trịnh; Thị Thảo Linh Nguyễn; Nguyễn Uyên Phương Lê; Bùi Thái Huy Nguyễn,2025,Tạp chí Y học Việt Nam,10.51298/vmj.v546i3.12771,https://tapchiyhocvietnam.vn/index.php/vmj/article/download/12771/11044,"<jats:p>Đặt vấn đề: Việt Nam là một quốc gia nhiệt đới, nơi xuất hiện nhiều bệnh da liễu, trong đó có bệnh do vi nấm ngoài da. Việc chẩn đoán vi nấm ngoài da chủ yếu dựa vào phương pháp soi tươi nên có thể tồn tại một số bất lợi. Ngoài ra, một số thói quen trong sinh hoạt cũng có thể liên quan đến nhiễm vi nấm ngoài da. Mục tiêu: (1) Xác định tỷ lệ nhiễm và thành phần loài vi nấm ngoài da ở bệnh nhân đến khám tại Bệnh viện Trường Đại học Y Dược Cần Thơ; (2) Khảo sát một số yếu tố liên quan đến nhiễm vi nấm ngoài da ở bệnh nhân đến khám tại Bệnh viện Trường Đại học Y Dược Cần Thơ. Đối tượng và phương pháp nghiên cứu: Nghiên cứu mô tả cắt ngang trên 92 bệnh nhân có tổn thương nghi ngờ do vi nấm ngoài da đến khám tại phòng khám Da liễu, Bệnh viện Trường Đại học Y Dược Cần Thơ và được chỉ định xét nghiệm vi nấm soi tươi. Các mẫu bệnh phẩm được soi dưới kính hiển vi, cấy trên môi trường Sabouraud agar và Dermatophyte test medium để định danh. Kết quả: Tỷ lệ nhiễm vi nấm ngoài da là 32,6%, trong đó Trichophyton rubrum chiếm tỷ lệ cao nhất (56,7%), kế đến là Trichophyton interdigitale (26,7%), Trichophyton mentagrophytes (13,3%) và Trichophyton tonsurans (3,3%). Các yếu tố da dầu, thường xuyên ra mồ hôi và tiền sử sử dụng thuốc bôi da liên quan đến nhiễm vi nấm ngoài da có ý nghĩa thống kê (p&lt;0,05). Kết luận: Tỷ lệ nhiễm vi nấm ngoài da còn khá cao (chủ yếu là loài Trichophyton rubrum) và da dầu, thường xuyên ra mồ hôi, tiền sử sử dụng thuốc bôi da có liên quan đến nhiễm vi nấm ngoài da. </jats:p>",
2024_Nguyn_Kho_st_kh_nng_phi_hp_tinh_du_Ngh_v_du_Ri.pdf,Khảo sát khả năng phối hợp tinh dầu Nghệ và dầu Riềng trong điều trị bệnh nấm móng,Vũ Giang Bắc Nguyễn; Thu Hoài Lê,2024,Y HOC TP. HO CHI MINH,10.32895/hcjm.p.2024.05.03,https://doi.org/10.32895/hcjm.p.2024.05.03,"<jats:p>Mục tiêu: Ứng dụng phối hợp của tinh dầu Nghệ và dầu Riềng in vitro và ex vivo trong điều trị bệnh nấm móng do Trichophyton mentagrophytes và Trichophyton rubrum.

Đối tượng và phương pháp nghiên cứu: Xác định tác dụng hiệp lực của tinh dầu Nghệ và dầu Riềng bằng phương pháp khuếch tán và phương pháp pha loãng trong đĩa 96 giếng theo hình bàn cờ. Khảo sát khả năng thấm qua móng để trị nấm bằng mô hình móng ex vivo.

Kết quả: Tinh dầu Nghệ làm tăng tác động kháng nấm móng của dầu Riềng, có thể giảm nồng độ ức chế tối thiểu của cả hai chất thử xuống ½ đến ⅛ lần so với dùng riêng lẻ. Ngoài ra, tinh dầu Nghệ còn làm tăng khả năng thấm qua móng của dầu Riềng trên mô hình móng.

Kết luận: Tinh dầu Nghệ và dầu Riềng có tác dụng hiệp lực khi dùng phối hợp, làm tăng cường hiệu quả thấm qua móng của chất kháng nấm, tạo cơ sở cho việc phát triển chế phẩm trị nấm móng.

Từ khoá: tinh dầu Nghệ, dầu Riềng, nấm móng, Trichophyton</jats:p>",
2022_Nguyn_NGHIN_CU_TNH_HNH_NHIM_NM_DA_DERMATOPHYTES_TR.pdf,NGHIÊN CỨU TÌNH HÌNH NHIỄM NẤM DA DERMATOPHYTES TRÊN  BỆNH NHÂN VIÊM DA DO LỆ THUỘC CORTICOSTEROID Ở MẶT  TẠI BỆNH VIỆN TRƯỜNG ĐẠI HỌC Y DƯỢC CẦN THƠ VÀ BỆNH VIỆN DA LIỄU THÀNH PHỐ CẦN THƠ NĂM 2021-2022,Thi Ngọc Minh Nguyễn; Thanh Thảo Phạm; Văn Bá Huỳnh,2022,Tạp chí Y Dược học Cần Thơ,10.58490/ctump.2022i53.183,https://tapchi.ctump.edu.vn/index.php/ctump/article/download/183/103,"<jats:p>Đặt vấn đề: Viêm da do lệ thuộc corticosteroid ở mặt (Facial corticosteroid addictive dermatitisFCAD) gần đây nổi lên như một vấn đề da liễu đáng quan tâm ở Việt Nam và các nước khác. Hiện tại, còn ít nghiên cứu về nhiễm nấm da dermatophytes trên bệnh nhân viêm da do lệ thuộc corticosteroid ở mặt. Mục tiêu nghiên cứu: Xác định tỷ lệ và một số yếu tố liên quan đến nhiễm nấm da dermatophytes trên bệnh nhân viêm da do lệ thuộc corticosteroid ở mặt. Đối tượng và phương pháp nghiên cứu: Nghiên cứu mô tả cắt ngang trên 153 bệnh nhân (17 nam và 136 nữ) đến khám và được chẩn đoán là viêm da do lệ thuộc corticosteroid ở mặt được tiến hành xét nghiệm soi tươi vi nấm dermatophytes và đưa vào nghiên cứu. Kết quả: Có 30/153 (19,6%) bệnh nhân viêm da do lệ thuộc corticosteroid ở mặt dương tính với nấm dermatophytes, trong đó tỷ lệ nam giới (41,2%) cao gấp 3,439 lần so với với nữ giới (16,9%). Nhóm bệnh nhân viêm da do lệ thuộc corticosteroid ở mặt sử dụng hoạt chất fluocinolone (34,8%) và betamethasone (33,3%) có tỷ lệ nhiễm nấm da cao nhất, tập trung chủ yếu ở nhóm sử dụng corticosteroid bôi để điều trị các bệnh da (40,0%). Tỷ lệ nhiễm nấm da dermatophytes chiếm ưu thế ở các đối tượng viêm da (28,4%) với giới hạn tổn thương không rõ (51,8%) và mức độ tổn thương nặng (44,4%). Sự khác biệt này có ý nghĩa thống kê với p&lt;0,05. Kết luận: Tỷ lệ nhiễm nấm da dermatophytes trên bệnh nhân viêm da do lệ thuộc corticosteroid ở mặt là khá cao và phụ thuộc vào việc sử dụng corticosteroid bôi để điều trị các bệnh da với triệu chứng thường gặp là đau và rát; tổn thương có giới hạn không rõ và mức độ nặng.</jats:p>",
